**Shotgun Make**,**Shotgun Model**
Krieghoff,K80 Trap Special
Krieghoff,K80 ACS
Krieghoff,K80 Sporting
Krieghoff,"K-80 Parcours
"
Krieghoff,"K-80 Parcours X
"
Krieghoff,K-20 Parcours
Krieghoff,K-20 Victoria
Krieghoff,KX-6 Special
Krieghoff,K-20 Sporting
Krieghoff,K-32
Krieghoff,KS-5
Krieghoff,KX-5
Browning,BT-99
Browning,BT-99 Max
Browning,BT-99 Plus
Browning,B725 Trap Combo
Browning,Citori 825 Field
Browning,Citori 825 Sporting
Browning,Citori 825 Trap
Browning,Citori CX
Browning,Cynergy CX
Browning,Citori CXT
Browning,Citori XT Trap
Browning,Universal High Post
Beretta,DT11
Beretta,DT11 Black Pro
Beretta,DT11 L Floreale
Beretta,DT11 10Â° Anniversary
Beretta,DT11 X-Trap
Beretta,A400 Xcel Sporting
Beretta,A400 Xcel Sporting Black
Beretta,686 Silver Pigeon I Sporting
Beretta,687 Silver Pigeon III Sporting
Beretta,687 EELL Diamond Pigeon Sporting
Beretta,694
Beretta,694 ACS
Beretta,692
Beretta,690 Black
Beretta,690 Field III
Beretta,690 Sporting Black
Beretta,690 Sporting
Beretta,690 Trap
Beretta,690 Trap Black
Beretta,690 Trap Adjustable
Beretta,690 Trap Adjustable Black
Perazzi,High Tech 2024
Perazzi,High Tech 2020
Perazzi,High Tech
Perazzi,MX8
Perazzi,MX12
Perazzi,MX2000
Perazzi,MX2000S
Perazzi,MX2005
Perazzi,MX2008
Perazzi,MX20
Perazzi,MX28
Perazzi,MX410
Perazzi,TM1
Perazzi,TM9
Perazzi,TM9X
Perazzi,MXS
Perazzi,MX10
Perazzi,MX10 RS
Caesar Guerini,Summit Sporting
Caesar Guerini,Summit Trap
Caesar Guerini,Summit Impact
Caesar Guerini,Invictus I Sporting
Caesar Guerini,Invictus I Trap
Caesar Guerini,Invictus II Sporting
Caesar Guerini,Invictus II Trap
Caesar Guerini,Invictus III Sporting
Caesar Guerini,Invictus III Trap
Caesar Guerini,Invictus V Sporting
Caesar Guerini,Invictus V Trap
Caesar Guerini,Invictus VII Sporting
Caesar Guerini,Invictus VII Trap
Caesar Guerini,Magnus Sporting
Caesar Guerini,Magnus Trap
Caesar Guerini,Maxum Sporting
Caesar Guerini,Maxum Trap
Caesar Guerini,Ellipse Evo Sporting
Caesar Guerini,Ellipse Evo Trap
Blaser,F3 Competition Sporting
Blaser,F3 Competition Trap
Blaser,F3 Competition Skeet
Blaser,F3 Vantage
Blaser,F3 Super Sport
Blaser,F3 Super Trap
Blaser,F3 Luxus
Blaser,F3 Grand Luxe
Blaser,F3 Professional
Blaser,F3 Professional Lux
Kolar,Max Trap
Kolar,Max Trap T/A
Kolar,Max Trap Low Profile
Kolar,Max Skeet
Kolar,Max Lite Sporting
Kolar,Max Clays
Kolar,Max Lite Skeet
Kolar,Max Lite Trap
Silver Seitz,Single Barrel Trap
Silver Seitz,Over/Under (Double Gun)
Alferman,Single Barrel Trap
Winchester,SX4
Winchester,SXP Trap
Winchester,SXP Trap Compact
Winchester,Model 101 Ultimate Sporting
Winchester,Model 101 Ultimate Field
Remington,Model 1100 Competition Synthetic
Remington,Premier Competition STS
Remington,Model 870 Wingmaster
Remington,Model 1100 Classic Trap
Remington,Model 1100 Sporting 12
Remington,Model 3200
Zoli,Z-Sport
Zoli,Z-Sport Bilanx
Zoli,Z-Sport Black
Zoli,Z-Sport Black Bilanx
Zoli,Z-Sport HR
Zoli,Z-Sport HR Bilanx
Zoli,Z-Sport HR Black
Zoli,Z-Sport HR Black Bilanx
Zoli,Kronos
Zoli,Kronos Bilanx
Zoli,Kronos Black
Zoli,Kronos Black Bilanx
Zoli,Z-Bella
Zoli,Z-Trap
Rizzini,BR110 Sporter
Rizzini,BR110 Sporter IPS
Rizzini,BR110 Sporter X
Rizzini,BR240
Rizzini,BR240 EL
Rizzini,BR460
Rizzini,BR460 EL
Rizzini,BR460 IPS
Rizzini,S2000
Rizzini,Fierce 1 Comp 16
Rizzini,BR110 Trap
Rizzini,BR460 Trap
TriStar,TT-15 Sporting
TriStar,TT-15 Trap Top Single
TriStar,TT-15 Trap Unsingle
TriStar,TT-15 Trap DT Adjustable
TriStar,TT-15 Trap CTA
TriStar,TT-15 Trap CTA Deluxe
TriStar,TT-15 Trap Combo
SKB,RS400 Target - High Trap Rib
SKB,90TSS Trap
SKB,Century I
SKB,Century II
SKB,Century III
SKB,Competition Semi-Auto
SKB,95ATR Trap Combo
Ljutic,Mono Gun
Ljutic,Bi-Gun
Ljutic,Space Gun
Ljutic,Dyna-Tac
Ljutic,Pro 3
Ljutic,SLE Pro
Fabarm,Axis S&H
Fabarm,Axis S&H AS
Fabarm,STL Competition C2
Fabarm,STL Competition C6
Fabarm,ELOS N2 RS Sporting
Fabarm,ELOS N2 Sporting
Fabarm,ELOS N2 RS Trap AT
Fabarm,ELOS N2 Trap
Fabarm,ELOS N2 Allsport
Fabarm,ELOS N2 Sporting Syren
Fabarm,XLR 5 Velocity
Fabarm,XLR 5 Velocity LR
Fabarm,XLR 5 Velocity Reverse
Fabarm,L4S RS Allsport
Fabarm,L4S Sporting
Fabarm,P.S.S.10
Fabarm,P.S.S.10 LR
Syren,Elos N2 Sporting
Syren,Elos D2
Syren,Julia Sporting
Syren,L4S Sporting
Syren,Tempio Trap
CSMC,G1
CSMC,Superbird
Purdey,Sporter
Benelli,Performance Shop Ethos Cordoba BE.S.T.
Benelli,Performance Shop Ethos Sport
Benelli,Performance Shop Ethos Supersport
Benelli,SuperSport
Benelli,M2 Competition